ID_Promocao,Data_Inicio,Data_Fim,Desconto,ID_Produto
1,2023-09-01 21:26:10,2023-09-02 21:26:10,0.35,597
2,2022-12-10 21:26:10,2022-12-10 21:26:10,0.19,508
3,2023-07-05 21:26:10,2023-08-01 21:26:10,0.21,490
4,2022-08-29 21:26:10,2022-09-20 21:26:10,0.29,5
5,2022-12-06 21:26:10,2022-12-19 21:26:10,0.13,374
6,2023-06-24 21:26:10,2023-07-18 21:26:10,0.47,734
7,2022-12-25 21:26:10,2022-12-31 21:26:10,0.1,375
8,2021-07-22 21:26:10,2021-07-30 21:26:10,0.39,298
9,2023-12-02 21:26:10,2023-12-07 21:26:10,0.1,263
10,2022-02-18 21:26:10,2022-03-16 21:26:10,0.28,389
11,2024-05-11 21:26:10,2024-06-04 21:26:10,0.43,11
12,2022-11-05 21:26:10,2022-11-16 21:26:10,0.23,867
13,2024-05-14 21:26:10,2024-05-17 21:26:10,0.09,68
14,2024-05-10 21:26:10,2024-06-01 21:26:10,0.18,475
15,2021-11-13 21:26:10,2021-11-24 21:26:10,0.25,25
16,2021-09-20 21:26:10,2021-09-21 21:26:10,0.2,501
17,2023-02-23 21:26:10,2023-03-15 21:26:10,0.4,634
18,2023-12-09 21:26:10,2023-12-21 21:26:10,0.48,779
19,2023-09-21 21:26:10,2023-10-03 21:26:10,0.23,862
20,2021-10-23 21:26:10,2021-11-13 21:26:10,0.46,880
21,2024-02-09 21:26:10,2024-02-19 21:26:10,0.17,991
22,2022-02-25 21:26:10,2022-02-27 21:26:10,0.1,382
23,2023-04-15 21:26:10,2023-04-28 21:26:10,0.13,64
24,2023-12-09 21:26:10,2024-01-01 21:26:10,0.17,111
25,2024-01-18 21:26:10,2024-02-13 21:26:10,0.06,541
26,2022-06-23 21:26:10,2022-06-26 21:26:10,0.2,813
27,2021-11-18 21:26:10,2021-12-10 21:26:10,0.07,998
28,2023-10-14 21:26:10,2023-10-27 21:26:10,0.43,87
29,2021-08-20 21:26:10,2021-09-02 21:26:10,0.45,884
30,2022-08-15 21:26:10,2022-09-02 21:26:10,0.36,99
31,2021-12-05 21:26:10,2021-12-23 21:26:10,0.15,357
32,2022-08-16 21:26:10,2022-08-26 21:26:10,0.49,455
33,2024-02-24 21:26:10,2024-03-13 21:26:10,0.29,44
34,2024-05-14 21:26:10,2024-05-14 21:26:10,0.47,999
35,2024-03-02 21:26:10,2024-03-21 21:26:10,0.3,15
36,2022-01-18 21:26:10,2022-02-10 21:26:10,0.46,554
37,2023-10-08 21:26:10,2023-10-22 21:26:10,0.14,544
38,2023-11-28 21:26:10,2023-12-07 21:26:10,0.47,598
39,2022-05-11 21:26:10,2022-05-22 21:26:10,0.05,239
40,2023-01-24 21:26:10,2023-02-03 21:26:10,0.39,712
41,2023-01-24 21:26:10,2023-02-20 21:26:10,0.17,229
42,2023-10-26 21:26:10,2023-10-28 21:26:10,0.36,154
43,2023-12-26 21:26:10,2024-01-19 21:26:10,0.49,199
44,2023-11-09 21:26:10,2023-11-12 21:26:10,0.11,848
45,2022-03-24 21:26:10,2022-04-04 21:26:10,0.05,991
46,2024-05-06 21:26:10,2024-05-13 21:26:10,0.44,916
47,2024-02-25 21:26:10,2024-03-22 21:26:10,0.19,191
48,2022-11-25 21:26:10,2022-12-03 21:26:10,0.1,144
49,2022-05-10 21:26:10,2022-05-10 21:26:10,0.1,705
50,2023-06-29 21:26:10,2023-07-02 21:26:10,0.26,54
51,2022-07-23 21:26:10,2022-08-15 21:26:10,0.15,276
52,2023-09-15 21:26:10,2023-10-12 21:26:10,0.34,226
53,2024-01-06 21:26:10,2024-01-11 21:26:10,0.49,194
54,2023-11-10 21:26:10,2023-11-23 21:26:10,0.34,154
55,2023-08-01 21:26:10,2023-08-24 21:26:10,0.1,446
56,2024-03-08 21:26:10,2024-04-02 21:26:10,0.19,949
57,2023-12-30 21:26:10,2024-01-22 21:26:10,0.5,699
58,2021-07-08 21:26:10,2021-07-08 21:26:10,0.14,93
59,2024-04-22 21:26:10,2024-05-12 21:26:10,0.38,684
60,2022-08-11 21:26:10,2022-08-19 21:26:10,0.14,805
61,2023-10-20 21:26:10,2023-10-31 21:26:10,0.28,551
62,2023-09-01 21:26:10,2023-09-08 21:26:10,0.15,170
63,2023-10-31 21:26:10,2023-11-02 21:26:10,0.37,784
64,2022-08-04 21:26:10,2022-08-13 21:26:10,0.38,140
65,2023-12-26 21:26:10,2024-01-22 21:26:10,0.46,713
66,2022-08-31 21:26:10,2022-09-20 21:26:10,0.19,575
67,2024-04-12 21:26:10,2024-05-09 21:26:10,0.15,410
68,2024-02-14 21:26:10,2024-03-05 21:26:10,0.4,337
69,2023-05-09 21:26:10,2023-05-10 21:26:10,0.18,516
70,2022-11-26 21:26:10,2022-12-17 21:26:10,0.41,415
71,2022-12-18 21:26:10,2022-12-26 21:26:10,0.25,140
72,2022-09-24 21:26:10,2022-10-05 21:26:10,0.43,175
73,2021-10-28 21:26:10,2021-11-20 21:26:10,0.16,212
74,2023-02-01 21:26:10,2023-02-23 21:26:10,0.12,14
75,2024-03-30 21:26:10,2024-04-07 21:26:10,0.23,705
76,2023-09-19 21:26:10,2023-10-03 21:26:10,0.14,803
77,2023-04-16 21:26:10,2023-05-14 21:26:10,0.09,620
78,2023-10-10 21:26:10,2023-10-13 21:26:10,0.47,829
79,2023-03-07 21:26:10,2023-03-24 21:26:10,0.14,390
80,2024-03-02 21:26:10,2024-03-14 21:26:10,0.31,273
81,2021-11-27 21:26:10,2021-12-18 21:26:10,0.28,42
82,2021-08-22 21:26:10,2021-09-08 21:26:10,0.43,105
83,2023-07-07 21:26:10,2023-07-27 21:26:10,0.46,202
84,2024-05-28 21:26:10,2024-06-07 21:26:10,0.49,876
85,2023-02-28 21:26:10,2023-03-29 21:26:10,0.09,969
86,2022-11-18 21:26:10,2022-12-14 21:26:10,0.47,986
87,2022-01-30 21:26:10,2022-02-20 21:26:10,0.34,123
88,2023-04-26 21:26:10,2023-05-10 21:26:10,0.14,850
89,2021-12-26 21:26:10,2022-01-17 21:26:10,0.41,764
90,2024-06-08 21:26:10,2024-07-05 21:26:10,0.43,99
91,2022-05-15 21:26:10,2022-05-22 21:26:10,0.3,676
92,2021-09-24 21:26:10,2021-10-02 21:26:10,0.21,563
93,2021-12-10 21:26:10,2021-12-19 21:26:10,0.46,939
94,2023-05-03 21:26:10,2023-05-04 21:26:10,0.31,258
95,2021-07-26 21:26:10,2021-08-02 21:26:10,0.47,863
96,2022-02-06 21:26:10,2022-02-11 21:26:10,0.28,358
97,2022-08-21 21:26:10,2022-08-28 21:26:10,0.09,303
98,2021-08-26 21:26:10,2021-08-27 21:26:10,0.36,518
99,2023-10-26 21:26:10,2023-11-24 21:26:10,0.36,584
100,2023-02-08 21:26:10,2023-02-22 21:26:10,0.19,406
101,2021-07-20 21:26:10,2021-07-22 21:26:10,0.1,888
102,2021-12-08 21:26:10,2021-12-15 21:26:10,0.33,58
103,2024-01-09 21:26:10,2024-01-12 21:26:10,0.45,628
104,2021-12-23 21:26:10,2022-01-02 21:26:10,0.25,202
105,2023-09-07 21:26:10,2023-09-23 21:26:10,0.07,601
106,2022-10-30 21:26:10,2022-11-20 21:26:10,0.37,579
107,2023-11-20 21:26:10,2023-12-15 21:26:10,0.05,229
108,2022-08-28 21:26:10,2022-08-30 21:26:10,0.42,168
109,2023-08-08 21:26:10,2023-09-03 21:26:10,0.47,260
110,2023-09-07 21:26:10,2023-09-21 21:26:10,0.32,892
111,2022-09-24 21:26:10,2022-09-30 21:26:10,0.23,196
112,2023-09-09 21:26:10,2023-09-15 21:26:10,0.33,500
113,2023-04-04 21:26:10,2023-04-13 21:26:10,0.3,107
114,2021-07-17 21:26:10,2021-08-09 21:26:10,0.06,193
115,2023-09-23 21:26:10,2023-10-07 21:26:10,0.24,424
116,2024-04-20 21:26:10,2024-05-03 21:26:10,0.14,439
117,2024-04-01 21:26:10,2024-04-17 21:26:10,0.36,601
118,2022-07-26 21:26:10,2022-07-29 21:26:10,0.19,634
119,2021-09-13 21:26:10,2021-09-19 21:26:10,0.07,223
120,2022-06-10 21:26:10,2022-06-21 21:26:10,0.48,744
121,2024-05-22 21:26:10,2024-06-04 21:26:10,0.1,222
122,2023-09-25 21:26:10,2023-09-27 21:26:10,0.1,734
123,2022-12-06 21:26:10,2022-12-06 21:26:10,0.17,187
124,2022-07-23 21:26:10,2022-07-30 21:26:10,0.29,224
125,2022-05-16 21:26:10,2022-06-06 21:26:10,0.07,97
126,2021-07-17 21:26:10,2021-08-03 21:26:10,0.44,963
127,2022-06-17 21:26:10,2022-06-22 21:26:10,0.09,201
128,2023-12-19 21:26:10,2023-12-20 21:26:10,0.15,692
129,2024-01-18 21:26:10,2024-01-21 21:26:10,0.36,694
130,2021-12-23 21:26:10,2022-01-17 21:26:10,0.18,597
131,2023-12-16 21:26:10,2023-12-30 21:26:10,0.42,61
132,2022-10-29 21:26:10,2022-11-03 21:26:10,0.49,212
133,2023-11-20 21:26:10,2023-12-18 21:26:10,0.5,245
134,2021-12-13 21:26:10,2021-12-30 21:26:10,0.29,624
135,2023-04-05 21:26:10,2023-04-16 21:26:10,0.48,185
136,2024-01-02 21:26:10,2024-01-29 21:26:10,0.22,342
137,2022-01-31 21:26:10,2022-02-03 21:26:10,0.36,335
138,2023-12-03 21:26:10,2023-12-08 21:26:10,0.11,957
139,2023-04-16 21:26:10,2023-05-09 21:26:10,0.12,680
140,2023-08-24 21:26:10,2023-08-30 21:26:10,0.06,523
141,2023-01-18 21:26:10,2023-01-21 21:26:10,0.11,21
142,2021-12-19 21:26:10,2022-01-02 21:26:10,0.47,610
143,2024-01-16 21:26:10,2024-02-13 21:26:10,0.22,716
144,2021-07-15 21:26:10,2021-07-21 21:26:10,0.13,715
145,2022-12-05 21:26:10,2022-12-17 21:26:10,0.2,536
146,2022-01-31 21:26:10,2022-02-21 21:26:10,0.07,86
147,2022-04-14 21:26:10,2022-05-05 21:26:10,0.46,335
148,2022-05-26 21:26:10,2022-06-01 21:26:10,0.14,115
149,2021-10-22 21:26:10,2021-11-12 21:26:10,0.08,947
150,2022-05-08 21:26:10,2022-06-03 21:26:10,0.41,134
151,2023-08-16 21:26:10,2023-08-21 21:26:10,0.21,121
152,2023-11-28 21:26:10,2023-12-22 21:26:10,0.28,814
153,2022-10-13 21:26:10,2022-10-23 21:26:10,0.15,676
154,2022-11-16 21:26:10,2022-11-22 21:26:10,0.26,104
155,2023-12-23 21:26:10,2024-01-15 21:26:10,0.38,628
156,2022-10-11 21:26:10,2022-11-05 21:26:10,0.1,518
157,2022-03-05 21:26:10,2022-03-10 21:26:10,0.27,245
158,2022-12-28 21:26:10,2023-01-12 21:26:10,0.45,133
159,2021-09-25 21:26:10,2021-10-04 21:26:10,0.39,881
160,2023-12-20 21:26:10,2023-12-21 21:26:10,0.39,203
161,2023-11-20 21:26:10,2023-11-27 21:26:10,0.49,683
162,2023-02-03 21:26:10,2023-02-10 21:26:10,0.48,38
163,2021-10-26 21:26:10,2021-11-22 21:26:10,0.07,661
164,2023-06-19 21:26:10,2023-06-24 21:26:10,0.35,771
165,2022-10-08 21:26:10,2022-10-10 21:26:10,0.5,436
166,2023-08-31 21:26:10,2023-09-12 21:26:10,0.24,735
167,2022-07-26 21:26:10,2022-07-28 21:26:10,0.39,933
168,2023-09-23 21:26:10,2023-10-03 21:26:10,0.35,870
169,2023-10-26 21:26:10,2023-10-28 21:26:10,0.22,960
170,2023-02-11 21:26:10,2023-02-20 21:26:10,0.42,950
171,2022-02-13 21:26:10,2022-03-03 21:26:10,0.16,257
172,2022-07-31 21:26:10,2022-08-22 21:26:10,0.13,860
173,2023-05-26 21:26:10,2023-06-10 21:26:10,0.36,880
174,2023-11-16 21:26:10,2023-12-15 21:26:10,0.35,328
175,2023-08-29 21:26:10,2023-09-20 21:26:10,0.46,185
176,2022-09-25 21:26:10,2022-10-05 21:26:10,0.49,964
177,2021-12-25 21:26:10,2022-01-06 21:26:10,0.4,927
178,2021-07-27 21:26:10,2021-07-27 21:26:10,0.16,936
179,2023-07-22 21:26:10,2023-08-16 21:26:10,0.25,116
180,2022-01-05 21:26:10,2022-01-15 21:26:10,0.12,801
181,2023-06-23 21:26:10,2023-07-09 21:26:10,0.5,13
182,2024-01-23 21:26:10,2024-02-05 21:26:10,0.11,241
183,2021-08-31 21:26:10,2021-09-17 21:26:10,0.41,475
184,2022-04-27 21:26:10,2022-05-08 21:26:10,0.29,785
185,2023-10-04 21:26:10,2023-10-29 21:26:10,0.24,92
186,2023-05-09 21:26:10,2023-05-09 21:26:10,0.19,74
187,2023-10-23 21:26:10,2023-11-11 21:26:10,0.34,216
188,2024-02-18 21:26:10,2024-02-22 21:26:10,0.24,814
189,2023-10-16 21:26:10,2023-11-12 21:26:10,0.45,498
190,2021-07-20 21:26:10,2021-08-05 21:26:10,0.23,281
191,2024-03-10 21:26:10,2024-03-20 21:26:10,0.41,535
192,2023-05-01 21:26:10,2023-05-02 21:26:10,0.29,487
193,2022-10-22 21:26:10,2022-10-24 21:26:10,0.13,818
194,2021-08-02 21:26:10,2021-08-08 21:26:10,0.18,622
195,2021-09-07 21:26:10,2021-10-02 21:26:10,0.31,279
196,2021-08-15 21:26:10,2021-08-22 21:26:10,0.46,751
197,2021-08-15 21:26:10,2021-09-11 21:26:10,0.09,299
198,2023-03-28 21:26:10,2023-04-13 21:26:10,0.36,201
199,2023-12-10 21:26:10,2023-12-21 21:26:10,0.4,428
200,2022-05-21 21:26:10,2022-06-19 21:26:10,0.32,773
201,2023-04-05 21:26:10,2023-04-10 21:26:10,0.41,983
202,2022-02-15 21:26:10,2022-02-25 21:26:10,0.48,674
203,2022-03-27 21:26:10,2022-04-22 21:26:10,0.17,119
204,2023-03-09 21:26:10,2023-03-17 21:26:10,0.26,802
205,2021-12-28 21:26:10,2022-01-07 21:26:10,0.29,373
206,2024-02-04 21:26:10,2024-02-22 21:26:10,0.43,796
207,2024-06-09 21:26:10,2024-06-26 21:26:10,0.5,861
208,2021-12-08 21:26:10,2021-12-28 21:26:10,0.15,190
209,2022-06-17 21:26:10,2022-07-02 21:26:10,0.4,444
210,2022-12-08 21:26:10,2022-12-23 21:26:10,0.44,55
211,2023-09-13 21:26:10,2023-09-24 21:26:10,0.34,997
212,2021-09-17 21:26:10,2021-09-25 21:26:10,0.19,617
213,2023-02-08 21:26:10,2023-02-28 21:26:10,0.39,738
214,2021-11-06 21:26:10,2021-11-19 21:26:10,0.22,411
215,2023-05-08 21:26:10,2023-05-15 21:26:10,0.19,956
216,2021-12-19 21:26:10,2022-01-06 21:26:10,0.15,327
217,2022-05-16 21:26:10,2022-06-07 21:26:10,0.28,990
218,2022-02-09 21:26:10,2022-02-11 21:26:10,0.28,685
219,2024-01-19 21:26:10,2024-02-10 21:26:10,0.36,959
220,2022-09-18 21:26:10,2022-09-29 21:26:10,0.45,905
221,2024-06-10 21:26:10,2024-07-02 21:26:10,0.35,347
222,2023-10-05 21:26:10,2023-10-16 21:26:10,0.44,142
223,2022-08-31 21:26:10,2022-09-19 21:26:10,0.1,63
224,2023-10-30 21:26:10,2023-10-31 21:26:10,0.36,915
225,2023-01-28 21:26:10,2023-02-04 21:26:10,0.35,708
226,2023-03-20 21:26:10,2023-04-13 21:26:10,0.19,246
227,2023-08-03 21:26:10,2023-08-23 21:26:10,0.23,758
228,2023-10-09 21:26:10,2023-10-17 21:26:10,0.06,199
229,2021-07-14 21:26:10,2021-07-30 21:26:10,0.41,844
230,2022-11-10 21:26:10,2022-12-07 21:26:10,0.38,739
231,2022-09-18 21:26:10,2022-10-02 21:26:10,0.15,682
232,2023-12-19 21:26:10,2024-01-08 21:26:10,0.13,679
233,2022-01-27 21:26:10,2022-02-02 21:26:10,0.47,946
234,2023-12-14 21:26:10,2023-12-23 21:26:10,0.25,604
235,2023-01-30 21:26:10,2023-02-10 21:26:10,0.41,257
236,2021-10-24 21:26:10,2021-11-21 21:26:10,0.23,721
237,2023-07-03 21:26:10,2023-07-25 21:26:10,0.24,437
238,2023-03-23 21:26:10,2023-04-04 21:26:10,0.34,636
239,2022-04-01 21:26:10,2022-04-14 21:26:10,0.25,233
240,2023-08-08 21:26:10,2023-08-25 21:26:10,0.07,993
241,2021-11-20 21:26:10,2021-11-29 21:26:10,0.33,263
242,2023-07-19 21:26:10,2023-07-27 21:26:10,0.19,393
243,2022-03-20 21:26:10,2022-03-30 21:26:10,0.25,838
244,2022-04-10 21:26:10,2022-04-15 21:26:10,0.31,417
245,2022-03-04 21:26:10,2022-03-29 21:26:10,0.36,695
246,2023-11-14 21:26:10,2023-11-23 21:26:10,0.17,283
247,2023-01-27 21:26:10,2023-02-12 21:26:10,0.09,32
248,2023-08-15 21:26:10,2023-08-22 21:26:10,0.28,338
249,2023-10-29 21:26:10,2023-11-11 21:26:10,0.23,264
250,2021-12-13 21:26:10,2022-01-09 21:26:10,0.3,418
251,2021-12-13 21:26:10,2021-12-16 21:26:10,0.15,356
252,2024-06-09 21:26:10,2024-07-08 21:26:10,0.31,72
253,2021-07-05 21:26:10,2021-07-12 21:26:10,0.1,145
254,2024-02-28 21:26:10,2024-02-28 21:26:10,0.29,522
255,2023-02-08 21:26:10,2023-02-25 21:26:10,0.28,649
256,2023-12-19 21:26:10,2024-01-03 21:26:10,0.38,720
257,2021-12-25 21:26:10,2022-01-09 21:26:10,0.42,225
258,2021-10-22 21:26:10,2021-11-14 21:26:10,0.23,601
259,2023-12-14 21:26:10,2023-12-15 21:26:10,0.49,194
260,2024-05-30 21:26:10,2024-06-14 21:26:10,0.12,834
261,2023-02-23 21:26:10,2023-03-12 21:26:10,0.09,398
262,2023-11-25 21:26:10,2023-12-05 21:26:10,0.5,553
263,2023-01-27 21:26:10,2023-02-25 21:26:10,0.39,735
264,2023-05-25 21:26:10,2023-05-30 21:26:10,0.09,239
265,2022-02-02 21:26:10,2022-02-14 21:26:10,0.06,472
266,2022-03-18 21:26:10,2022-03-22 21:26:10,0.28,604
267,2022-01-01 21:26:10,2022-01-12 21:26:10,0.39,751
268,2022-08-10 21:26:10,2022-09-08 21:26:10,0.06,505
269,2023-12-12 21:26:10,2024-01-02 21:26:10,0.38,213
270,2022-12-04 21:26:10,2022-12-06 21:26:10,0.2,747
271,2021-08-05 21:26:10,2021-08-15 21:26:10,0.22,68
272,2021-09-21 21:26:10,2021-09-22 21:26:10,0.16,156
273,2022-10-15 21:26:10,2022-10-27 21:26:10,0.33,612
274,2023-02-11 21:26:10,2023-02-26 21:26:10,0.28,838
275,2022-08-25 21:26:10,2022-09-01 21:26:10,0.18,261
276,2023-11-28 21:26:10,2023-12-10 21:26:10,0.17,58
277,2021-10-16 21:26:10,2021-11-12 21:26:10,0.08,236
278,2022-08-29 21:26:10,2022-09-09 21:26:10,0.49,954
279,2023-04-12 21:26:10,2023-05-06 21:26:10,0.06,849
280,2022-06-02 21:26:10,2022-06-15 21:26:10,0.26,203
281,2023-05-01 21:26:10,2023-05-25 21:26:10,0.2,612
282,2022-09-01 21:26:10,2022-09-03 21:26:10,0.5,217
283,2024-04-10 21:26:10,2024-04-22 21:26:10,0.29,876
284,2024-04-19 21:26:10,2024-04-23 21:26:10,0.48,345
285,2024-05-14 21:26:10,2024-06-09 21:26:10,0.21,952
286,2021-07-08 21:26:10,2021-07-14 21:26:10,0.34,820
287,2022-12-29 21:26:10,2022-12-31 21:26:10,0.18,3
288,2023-12-06 21:26:10,2023-12-12 21:26:10,0.1,920
289,2022-07-11 21:26:10,2022-07-15 21:26:10,0.08,913
290,2022-07-07 21:26:10,2022-07-21 21:26:10,0.24,78
291,2022-03-31 21:26:10,2022-04-03 21:26:10,0.39,867
292,2022-03-18 21:26:10,2022-03-27 21:26:10,0.43,322
293,2023-03-14 21:26:10,2023-04-04 21:26:10,0.13,853
294,2024-05-03 21:26:10,2024-05-28 21:26:10,0.13,300
295,2023-06-30 21:26:10,2023-07-28 21:26:10,0.37,374
296,2022-04-11 21:26:10,2022-05-09 21:26:10,0.18,263
297,2023-11-14 21:26:10,2023-11-26 21:26:10,0.36,683
298,2023-05-13 21:26:10,2023-05-14 21:26:10,0.36,408
299,2022-02-07 21:26:10,2022-02-27 21:26:10,0.4,278
300,2022-06-26 21:26:10,2022-06-30 21:26:10,0.09,581
301,2022-03-15 21:26:10,2022-03-16 21:26:10,0.33,785
302,2023-10-04 21:26:10,2023-10-21 21:26:10,0.24,598
303,2024-03-25 21:26:10,2024-03-31 21:26:10,0.18,666
304,2022-09-28 21:26:10,2022-10-05 21:26:10,0.18,909
305,2022-08-21 21:26:10,2022-09-03 21:26:10,0.42,525
306,2023-11-11 21:26:10,2023-12-07 21:26:10,0.2,609
307,2024-01-01 21:26:10,2024-01-11 21:26:10,0.38,585
308,2023-07-09 21:26:10,2023-08-04 21:26:10,0.08,72
309,2022-01-21 21:26:10,2022-02-08 21:26:10,0.16,599
310,2022-05-21 21:26:10,2022-05-31 21:26:10,0.08,893
311,2023-06-20 21:26:10,2023-07-17 21:26:10,0.23,220
312,2022-12-29 21:26:10,2023-01-14 21:26:10,0.22,63
313,2023-01-02 21:26:10,2023-01-19 21:26:10,0.48,55
314,2022-09-13 21:26:10,2022-10-08 21:26:10,0.47,587
315,2022-02-09 21:26:10,2022-02-12 21:26:10,0.16,743
316,2022-05-27 21:26:10,2022-06-14 21:26:10,0.25,848
317,2024-02-24 21:26:10,2024-03-13 21:26:10,0.38,894
318,2023-02-27 21:26:10,2023-03-06 21:26:10,0.25,386
319,2022-09-08 21:26:10,2022-09-10 21:26:10,0.19,629
320,2023-01-23 21:26:10,2023-02-05 21:26:10,0.32,188
321,2021-10-17 21:26:10,2021-10-31 21:26:10,0.07,816
322,2021-10-02 21:26:10,2021-10-24 21:26:10,0.19,217
323,2021-11-08 21:26:10,2021-11-22 21:26:10,0.15,278
324,2022-12-04 21:26:10,2022-12-26 21:26:10,0.06,529
325,2024-03-19 21:26:10,2024-04-01 21:26:10,0.1,987
326,2023-06-15 21:26:10,2023-06-18 21:26:10,0.13,370
327,2023-05-29 21:26:10,2023-06-06 21:26:10,0.28,968
328,2022-06-23 21:26:10,2022-07-16 21:26:10,0.43,984
329,2021-11-10 21:26:10,2021-12-02 21:26:10,0.45,236
330,2023-01-16 21:26:10,2023-02-04 21:26:10,0.43,519
331,2023-04-06 21:26:10,2023-04-24 21:26:10,0.08,590
332,2022-02-20 21:26:10,2022-03-20 21:26:10,0.35,626
333,2021-08-10 21:26:10,2021-08-18 21:26:10,0.19,593
334,2023-04-30 21:26:10,2023-05-01 21:26:10,0.38,367
335,2023-01-26 21:26:10,2023-02-11 21:26:10,0.41,422
336,2022-06-11 21:26:10,2022-06-20 21:26:10,0.38,80
337,2022-01-06 21:26:10,2022-01-23 21:26:10,0.25,975
338,2021-07-11 21:26:10,2021-07-13 21:26:10,0.36,739
339,2023-08-15 21:26:10,2023-08-22 21:26:10,0.43,432
340,2021-10-06 21:26:10,2021-10-22 21:26:10,0.06,818
341,2022-10-24 21:26:10,2022-10-31 21:26:10,0.33,28
342,2022-04-01 21:26:10,2022-04-19 21:26:10,0.25,682
343,2023-05-06 21:26:10,2023-05-09 21:26:10,0.17,621
344,2022-10-12 21:26:10,2022-10-30 21:26:10,0.27,770
345,2024-02-22 21:26:10,2024-03-02 21:26:10,0.3,640
346,2021-08-24 21:26:10,2021-08-25 21:26:10,0.17,214
347,2024-04-17 21:26:10,2024-05-10 21:26:10,0.13,9
348,2022-02-01 21:26:10,2022-03-01 21:26:10,0.11,689
349,2021-09-10 21:26:10,2021-09-15 21:26:10,0.43,112
350,2022-03-06 21:26:10,2022-03-22 21:26:10,0.12,91
351,2022-08-30 21:26:10,2022-09-14 21:26:10,0.08,797
352,2021-11-16 21:26:10,2021-11-28 21:26:10,0.27,941
353,2021-12-31 21:26:10,2022-01-27 21:26:10,0.41,367
354,2023-07-29 21:26:10,2023-08-02 21:26:10,0.39,428
355,2023-08-01 21:26:10,2023-08-10 21:26:10,0.06,644
356,2023-09-05 21:26:10,2023-09-06 21:26:10,0.34,800
357,2023-02-09 21:26:10,2023-02-18 21:26:10,0.42,81
358,2024-02-08 21:26:10,2024-02-11 21:26:10,0.21,812
359,2023-12-10 21:26:10,2023-12-18 21:26:10,0.1,177
360,2023-10-20 21:26:10,2023-11-06 21:26:10,0.43,891
361,2023-12-24 21:26:10,2024-01-04 21:26:10,0.17,138
362,2023-10-07 21:26:10,2023-10-17 21:26:10,0.22,55
363,2023-01-26 21:26:10,2023-02-20 21:26:10,0.45,151
364,2023-05-26 21:26:10,2023-06-15 21:26:10,0.16,27
365,2021-12-02 21:26:10,2021-12-06 21:26:10,0.2,697
366,2021-09-03 21:26:10,2021-09-13 21:26:10,0.32,436
367,2022-12-16 21:26:10,2022-12-26 21:26:10,0.26,564
368,2023-01-16 21:26:10,2023-01-22 21:26:10,0.4,45
369,2022-03-27 21:26:10,2022-04-10 21:26:10,0.21,399
370,2021-07-10 21:26:10,2021-07-22 21:26:10,0.43,544
371,2022-02-14 21:26:10,2022-03-07 21:26:10,0.38,376
372,2021-10-29 21:26:10,2021-11-04 21:26:10,0.38,369
373,2023-07-31 21:26:10,2023-08-22 21:26:10,0.49,430
374,2024-01-06 21:26:10,2024-01-31 21:26:10,0.09,820
375,2022-11-01 21:26:10,2022-11-19 21:26:10,0.17,46
376,2024-06-13 21:26:10,2024-06-14 21:26:10,0.38,896
377,2023-09-25 21:26:10,2023-10-13 21:26:10,0.22,210
378,2022-05-29 21:26:10,2022-06-08 21:26:10,0.09,38
379,2023-09-11 21:26:10,2023-09-28 21:26:10,0.46,830
380,2022-10-26 21:26:10,2022-11-18 21:26:10,0.09,680
381,2023-04-01 21:26:10,2023-04-30 21:26:10,0.39,743
382,2024-05-24 21:26:10,2024-06-20 21:26:10,0.14,619
383,2023-03-23 21:26:10,2023-04-01 21:26:10,0.44,6
384,2021-07-05 21:26:10,2021-07-19 21:26:10,0.21,61
385,2021-12-30 21:26:10,2022-01-07 21:26:10,0.08,243
386,2023-09-17 21:26:10,2023-10-14 21:26:10,0.2,156
387,2024-06-09 21:26:10,2024-06-13 21:26:10,0.45,760
388,2023-07-21 21:26:10,2023-07-23 21:26:10,0.43,453
389,2021-12-17 21:26:10,2022-01-02 21:26:10,0.24,386
390,2022-07-31 21:26:10,2022-08-06 21:26:10,0.16,190
391,2022-03-21 21:26:10,2022-04-08 21:26:10,0.42,646
392,2022-11-16 21:26:10,2022-12-13 21:26:10,0.36,188
393,2022-10-06 21:26:10,2022-10-14 21:26:10,0.27,98
394,2021-08-30 21:26:10,2021-09-07 21:26:10,0.41,572
395,2022-04-11 21:26:10,2022-04-19 21:26:10,0.11,630
396,2023-08-28 21:26:10,2023-09-05 21:26:10,0.28,393
397,2024-02-11 21:26:10,2024-03-10 21:26:10,0.5,1
398,2022-07-25 21:26:10,2022-07-25 21:26:10,0.35,235
399,2023-06-28 21:26:10,2023-07-14 21:26:10,0.07,732
400,2022-06-30 21:26:10,2022-07-26 21:26:10,0.4,321
401,2023-05-21 21:26:10,2023-06-06 21:26:10,0.11,938
402,2023-02-17 21:26:10,2023-03-08 21:26:10,0.2,800
403,2021-09-22 21:26:10,2021-10-16 21:26:10,0.14,503
404,2021-08-27 21:26:10,2021-09-12 21:26:10,0.13,229
405,2022-07-02 21:26:10,2022-07-06 21:26:10,0.32,933
406,2021-07-19 21:26:10,2021-08-02 21:26:10,0.13,417
407,2023-12-28 21:26:10,2024-01-06 21:26:10,0.14,919
408,2022-06-18 21:26:10,2022-07-15 21:26:10,0.25,723
409,2023-10-27 21:26:10,2023-10-31 21:26:10,0.27,809
410,2023-03-10 21:26:10,2023-04-08 21:26:10,0.06,182
411,2023-12-03 21:26:10,2023-12-28 21:26:10,0.34,49
412,2024-04-28 21:26:10,2024-04-28 21:26:10,0.43,520
413,2024-03-02 21:26:10,2024-03-20 21:26:10,0.26,303
414,2024-02-11 21:26:10,2024-02-24 21:26:10,0.5,856
415,2023-06-10 21:26:10,2023-06-10 21:26:10,0.32,374
416,2021-10-12 21:26:10,2021-11-05 21:26:10,0.48,911
417,2021-11-29 21:26:10,2021-12-27 21:26:10,0.16,843
418,2023-11-27 21:26:10,2023-12-11 21:26:10,0.12,700
419,2023-08-18 21:26:10,2023-09-10 21:26:10,0.18,933
420,2024-01-06 21:26:10,2024-01-25 21:26:10,0.18,611
421,2023-06-12 21:26:10,2023-06-12 21:26:10,0.16,352
422,2021-09-27 21:26:10,2021-10-19 21:26:10,0.2,276
423,2022-11-05 21:26:10,2022-12-04 21:26:10,0.33,642
424,2022-10-06 21:26:10,2022-11-01 21:26:10,0.44,972
425,2023-12-20 21:26:10,2023-12-30 21:26:10,0.2,443
426,2024-03-10 21:26:10,2024-03-21 21:26:10,0.46,891
427,2022-07-24 21:26:10,2022-07-30 21:26:10,0.26,745
428,2024-05-11 21:26:10,2024-05-21 21:26:10,0.3,803
429,2023-02-03 21:26:10,2023-02-04 21:26:10,0.34,832
430,2022-02-11 21:26:10,2022-02-12 21:26:10,0.31,153
431,2022-06-29 21:26:10,2022-07-08 21:26:10,0.34,686
432,2024-01-12 21:26:10,2024-02-09 21:26:10,0.28,173
433,2022-08-02 21:26:10,2022-08-02 21:26:10,0.1,923
434,2023-09-30 21:26:10,2023-10-18 21:26:10,0.19,971
435,2021-11-30 21:26:10,2021-12-28 21:26:10,0.27,229
436,2021-12-15 21:26:10,2022-01-05 21:26:10,0.18,333
437,2023-10-30 21:26:10,2023-11-23 21:26:10,0.19,868
438,2023-03-24 21:26:10,2023-04-01 21:26:10,0.46,854
439,2021-11-16 21:26:10,2021-12-03 21:26:10,0.28,943
440,2024-02-13 21:26:10,2024-02-28 21:26:10,0.11,260
441,2024-04-13 21:26:10,2024-05-02 21:26:10,0.16,994
442,2022-07-25 21:26:10,2022-08-01 21:26:10,0.32,968
443,2022-10-06 21:26:10,2022-10-25 21:26:10,0.16,267
444,2023-06-21 21:26:10,2023-07-14 21:26:10,0.34,40
445,2023-01-10 21:26:10,2023-01-20 21:26:10,0.14,979
446,2023-04-10 21:26:10,2023-04-30 21:26:10,0.4,699
447,2022-05-30 21:26:10,2022-05-31 21:26:10,0.42,903
448,2021-12-19 21:26:10,2021-12-29 21:26:10,0.46,75
449,2024-03-05 21:26:10,2024-03-20 21:26:10,0.24,120
450,2022-07-14 21:26:10,2022-07-21 21:26:10,0.15,186
451,2022-03-15 21:26:10,2022-03-15 21:26:10,0.4,831
452,2022-06-28 21:26:10,2022-07-06 21:26:10,0.2,930
453,2021-07-25 21:26:10,2021-07-30 21:26:10,0.2,184
454,2022-05-02 21:26:10,2022-05-21 21:26:10,0.5,211
455,2022-04-12 21:26:10,2022-04-19 21:26:10,0.31,894
456,2022-06-06 21:26:10,2022-06-06 21:26:10,0.35,546
457,2023-10-14 21:26:10,2023-11-02 21:26:10,0.08,206
458,2022-05-23 21:26:10,2022-06-20 21:26:10,0.43,672
459,2021-11-16 21:26:10,2021-11-23 21:26:10,0.26,561
460,2024-03-29 21:26:10,2024-04-07 21:26:10,0.17,507
461,2023-08-26 21:26:10,2023-09-06 21:26:10,0.35,691
462,2022-05-22 21:26:10,2022-05-27 21:26:10,0.13,536
463,2023-05-12 21:26:10,2023-06-03 21:26:10,0.14,571
464,2023-03-08 21:26:10,2023-03-18 21:26:10,0.47,680
465,2021-11-28 21:26:10,2021-12-20 21:26:10,0.29,878
466,2022-08-27 21:26:10,2022-09-12 21:26:10,0.12,140
467,2023-05-16 21:26:10,2023-06-07 21:26:10,0.44,501
468,2022-08-29 21:26:10,2022-09-10 21:26:10,0.25,788
469,2024-05-23 21:26:10,2024-06-05 21:26:10,0.05,892
470,2024-04-08 21:26:10,2024-05-03 21:26:10,0.07,297
471,2023-08-31 21:26:10,2023-09-28 21:26:10,0.23,893
472,2022-04-02 21:26:10,2022-04-06 21:26:10,0.36,708
473,2021-08-04 21:26:10,2021-08-17 21:26:10,0.31,184
474,2022-10-25 21:26:10,2022-11-01 21:26:10,0.21,928
475,2022-07-29 21:26:10,2022-08-25 21:26:10,0.42,960
476,2022-11-05 21:26:10,2022-11-11 21:26:10,0.45,85
477,2022-07-23 21:26:10,2022-08-05 21:26:10,0.28,265
478,2021-07-11 21:26:10,2021-07-24 21:26:10,0.38,341
479,2021-12-29 21:26:10,2022-01-09 21:26:10,0.34,346
480,2024-01-15 21:26:10,2024-02-07 21:26:10,0.06,719
481,2023-07-25 21:26:10,2023-08-09 21:26:10,0.46,219
482,2021-10-04 21:26:10,2021-10-10 21:26:10,0.36,559
483,2024-04-22 21:26:10,2024-04-22 21:26:10,0.35,10
484,2022-11-06 21:26:10,2022-11-25 21:26:10,0.23,467
485,2022-03-08 21:26:10,2022-03-26 21:26:10,0.1,858
486,2023-11-09 21:26:10,2023-11-25 21:26:10,0.35,886
487,2022-12-08 21:26:10,2022-12-11 21:26:10,0.38,458
488,2021-11-29 21:26:10,2021-12-23 21:26:10,0.1,153
489,2023-07-08 21:26:10,2023-07-08 21:26:10,0.25,260
490,2024-04-10 21:26:10,2024-04-21 21:26:10,0.45,69
491,2021-10-15 21:26:10,2021-10-27 21:26:10,0.19,950
492,2023-05-14 21:26:10,2023-06-12 21:26:10,0.37,776
493,2024-06-11 21:26:10,2024-06-14 21:26:10,0.13,180
494,2021-07-05 21:26:10,2021-07-12 21:26:10,0.38,252
495,2024-05-04 21:26:10,2024-05-25 21:26:10,0.36,530
496,2024-05-01 21:26:10,2024-05-27 21:26:10,0.16,114
497,2023-06-27 21:26:10,2023-07-18 21:26:10,0.37,997
498,2022-10-08 21:26:10,2022-10-11 21:26:10,0.33,630
499,2024-01-10 21:26:10,2024-02-06 21:26:10,0.18,525
500,2021-11-14 21:26:10,2021-12-02 21:26:10,0.26,678
501,2022-01-11 21:26:10,2022-01-11 21:26:10,0.34,750
502,2021-10-18 21:26:10,2021-10-26 21:26:10,0.2,236
503,2023-05-25 21:26:10,2023-06-11 21:26:10,0.35,188
504,2022-03-01 21:26:10,2022-03-21 21:26:10,0.43,723
505,2022-10-08 21:26:10,2022-10-13 21:26:10,0.22,676
506,2024-04-06 21:26:10,2024-04-25 21:26:10,0.32,901
507,2022-10-28 21:26:10,2022-11-16 21:26:10,0.3,553
508,2023-08-21 21:26:10,2023-08-29 21:26:10,0.35,620
509,2022-08-06 21:26:10,2022-08-12 21:26:10,0.34,706
510,2021-09-08 21:26:10,2021-09-21 21:26:10,0.2,765
511,2021-09-02 21:26:10,2021-09-22 21:26:10,0.16,677
512,2022-02-04 21:26:10,2022-02-11 21:26:10,0.05,438
513,2022-08-21 21:26:10,2022-08-22 21:26:10,0.07,91
514,2023-08-26 21:26:10,2023-09-13 21:26:10,0.19,866
515,2022-09-28 21:26:10,2022-10-23 21:26:10,0.19,99
516,2024-04-11 21:26:10,2024-04-23 21:26:10,0.18,251
517,2024-02-17 21:26:10,2024-03-09 21:26:10,0.1,767
518,2023-06-06 21:26:10,2023-06-13 21:26:10,0.21,999
519,2024-03-10 21:26:10,2024-04-04 21:26:10,0.36,54
520,2021-09-27 21:26:10,2021-10-04 21:26:10,0.14,786
521,2022-10-12 21:26:10,2022-10-17 21:26:10,0.24,904
522,2024-05-17 21:26:10,2024-06-11 21:26:10,0.49,449
523,2022-03-04 21:26:10,2022-03-15 21:26:10,0.12,910
524,2022-09-05 21:26:10,2022-09-16 21:26:10,0.33,120
525,2022-03-07 21:26:10,2022-03-21 21:26:10,0.38,557
526,2021-10-20 21:26:10,2021-11-08 21:26:10,0.09,129
527,2021-11-19 21:26:10,2021-12-16 21:26:10,0.28,831
528,2022-06-29 21:26:10,2022-07-17 21:26:10,0.08,805
529,2021-07-24 21:26:10,2021-08-11 21:26:10,0.41,254
530,2021-09-20 21:26:10,2021-10-16 21:26:10,0.41,928
531,2022-07-12 21:26:10,2022-08-08 21:26:10,0.48,719
532,2023-12-23 21:26:10,2024-01-06 21:26:10,0.38,893
533,2023-09-19 21:26:10,2023-10-09 21:26:10,0.27,698
534,2023-08-01 21:26:10,2023-08-12 21:26:10,0.09,960
535,2023-05-17 21:26:10,2023-06-04 21:26:10,0.27,125
536,2024-01-14 21:26:10,2024-01-14 21:26:10,0.35,247
537,2024-01-21 21:26:10,2024-02-01 21:26:10,0.5,827
538,2021-12-12 21:26:10,2021-12-29 21:26:10,0.17,896
539,2024-01-17 21:26:10,2024-02-07 21:26:10,0.3,338
540,2023-09-15 21:26:10,2023-09-24 21:26:10,0.13,574
541,2021-09-13 21:26:10,2021-09-18 21:26:10,0.14,992
542,2024-05-12 21:26:10,2024-06-06 21:26:10,0.17,234
543,2022-05-23 21:26:10,2022-05-28 21:26:10,0.06,506
544,2021-12-12 21:26:10,2022-01-07 21:26:10,0.2,335
545,2024-05-14 21:26:10,2024-05-24 21:26:10,0.33,274
546,2022-03-24 21:26:10,2022-04-13 21:26:10,0.36,152
547,2023-02-27 21:26:10,2023-03-18 21:26:10,0.1,320
548,2022-06-10 21:26:10,2022-06-14 21:26:10,0.13,897
549,2023-04-25 21:26:10,2023-04-25 21:26:10,0.18,308
550,2023-04-29 21:26:10,2023-05-03 21:26:10,0.25,866
551,2023-04-16 21:26:10,2023-04-25 21:26:10,0.2,510
552,2022-07-20 21:26:10,2022-08-02 21:26:10,0.26,265
553,2022-01-13 21:26:10,2022-02-05 21:26:10,0.26,254
554,2024-01-23 21:26:10,2024-01-31 21:26:10,0.15,496
555,2021-07-11 21:26:10,2021-07-26 21:26:10,0.1,181
556,2024-01-16 21:26:10,2024-02-14 21:26:10,0.35,321
557,2023-04-08 21:26:10,2023-04-08 21:26:10,0.34,74
558,2023-04-19 21:26:10,2023-04-26 21:26:10,0.38,747
559,2021-12-08 21:26:10,2021-12-27 21:26:10,0.46,691
560,2023-04-21 21:26:10,2023-05-10 21:26:10,0.29,907
561,2022-08-06 21:26:10,2022-08-06 21:26:10,0.41,581
562,2024-01-26 21:26:10,2024-02-05 21:26:10,0.06,853
563,2022-10-20 21:26:10,2022-11-15 21:26:10,0.23,610
564,2023-01-12 21:26:10,2023-01-26 21:26:10,0.28,699
565,2022-10-21 21:26:10,2022-10-22 21:26:10,0.43,935
566,2022-07-16 21:26:10,2022-07-24 21:26:10,0.22,244
567,2023-01-16 21:26:10,2023-01-26 21:26:10,0.41,76
568,2024-03-19 21:26:10,2024-04-12 21:26:10,0.12,440
569,2022-10-12 21:26:10,2022-10-25 21:26:10,0.14,240
570,2022-02-27 21:26:10,2022-03-11 21:26:10,0.39,931
571,2023-08-19 21:26:10,2023-09-10 21:26:10,0.26,383
572,2022-07-09 21:26:10,2022-07-19 21:26:10,0.29,587
573,2022-02-13 21:26:10,2022-03-07 21:26:10,0.08,362
574,2024-05-14 21:26:10,2024-05-19 21:26:10,0.14,347
575,2024-03-31 21:26:10,2024-04-05 21:26:10,0.44,470
576,2021-09-28 21:26:10,2021-10-27 21:26:10,0.25,9
577,2023-09-07 21:26:10,2023-09-07 21:26:10,0.39,215
578,2023-08-03 21:26:10,2023-08-16 21:26:10,0.21,964
579,2023-12-28 21:26:10,2024-01-14 21:26:10,0.08,952
580,2024-06-09 21:26:10,2024-07-05 21:26:10,0.45,154
581,2024-03-02 21:26:10,2024-03-29 21:26:10,0.05,27
582,2022-03-03 21:26:10,2022-03-20 21:26:10,0.48,796
583,2022-10-09 21:26:10,2022-11-05 21:26:10,0.07,138
584,2023-08-23 21:26:10,2023-09-15 21:26:10,0.34,822
585,2022-05-13 21:26:10,2022-05-25 21:26:10,0.44,908
586,2023-07-13 21:26:10,2023-07-27 21:26:10,0.32,167
587,2022-06-21 21:26:10,2022-06-23 21:26:10,0.38,772
588,2021-11-01 21:26:10,2021-11-17 21:26:10,0.17,256
589,2023-11-22 21:26:10,2023-11-30 21:26:10,0.19,585
590,2023-10-27 21:26:10,2023-11-16 21:26:10,0.16,65
591,2021-12-10 21:26:10,2022-01-08 21:26:10,0.37,780
592,2022-08-16 21:26:10,2022-09-12 21:26:10,0.36,401
593,2024-05-04 21:26:10,2024-05-10 21:26:10,0.3,198
594,2023-01-22 21:26:10,2023-01-29 21:26:10,0.4,930
595,2023-01-15 21:26:10,2023-01-20 21:26:10,0.34,749
596,2022-08-10 21:26:10,2022-08-19 21:26:10,0.48,359
597,2022-02-09 21:26:10,2022-02-16 21:26:10,0.08,321
598,2022-09-23 21:26:10,2022-10-13 21:26:10,0.24,977
599,2021-11-17 21:26:10,2021-12-14 21:26:10,0.12,110
600,2024-01-19 21:26:10,2024-02-06 21:26:10,0.19,827
601,2022-02-24 21:26:10,2022-03-07 21:26:10,0.05,574
602,2022-09-27 21:26:10,2022-10-10 21:26:10,0.28,877
603,2022-09-17 21:26:10,2022-09-18 21:26:10,0.33,216
604,2021-10-05 21:26:10,2021-10-06 21:26:10,0.15,98
605,2024-03-06 21:26:10,2024-03-19 21:26:10,0.21,943
606,2022-10-25 21:26:10,2022-11-21 21:26:10,0.22,506
607,2023-01-30 21:26:10,2023-02-18 21:26:10,0.24,885
608,2023-08-13 21:26:10,2023-08-25 21:26:10,0.49,921
609,2023-01-27 21:26:10,2023-02-24 21:26:10,0.16,749
610,2024-05-20 21:26:10,2024-06-13 21:26:10,0.07,517
611,2024-02-25 21:26:10,2024-03-05 21:26:10,0.17,914
612,2024-01-26 21:26:10,2024-01-27 21:26:10,0.36,931
613,2023-03-18 21:26:10,2023-04-10 21:26:10,0.15,367
614,2022-10-08 21:26:10,2022-10-28 21:26:10,0.12,511
615,2022-03-23 21:26:10,2022-04-05 21:26:10,0.31,272
616,2022-11-08 21:26:10,2022-12-06 21:26:10,0.29,202
617,2022-06-03 21:26:10,2022-06-14 21:26:10,0.5,786
618,2023-07-30 21:26:10,2023-08-23 21:26:10,0.5,177
619,2024-01-15 21:26:10,2024-01-30 21:26:10,0.07,142
620,2024-04-06 21:26:10,2024-04-13 21:26:10,0.41,89
621,2023-04-08 21:26:10,2023-04-28 21:26:10,0.15,79
622,2022-08-21 21:26:10,2022-09-11 21:26:10,0.15,517
623,2024-04-12 21:26:10,2024-05-02 21:26:10,0.29,640
624,2021-12-12 21:26:10,2022-01-09 21:26:10,0.33,410
625,2024-02-24 21:26:10,2024-03-18 21:26:10,0.25,473
626,2021-11-19 21:26:10,2021-11-25 21:26:10,0.49,8
627,2021-08-10 21:26:10,2021-08-14 21:26:10,0.15,152
628,2024-03-16 21:26:10,2024-03-24 21:26:10,0.48,447
629,2021-08-15 21:26:10,2021-08-27 21:26:10,0.09,719
630,2023-02-20 21:26:10,2023-03-20 21:26:10,0.27,601
631,2024-04-16 21:26:10,2024-05-07 21:26:10,0.46,735
632,2024-02-11 21:26:10,2024-02-12 21:26:10,0.07,355
633,2024-03-02 21:26:10,2024-03-08 21:26:10,0.05,814
634,2022-05-28 21:26:10,2022-06-01 21:26:10,0.29,313
635,2021-10-12 21:26:10,2021-10-17 21:26:10,0.16,306
636,2023-08-31 21:26:10,2023-09-15 21:26:10,0.49,16
637,2021-07-08 21:26:10,2021-07-28 21:26:10,0.41,104
638,2023-07-02 21:26:10,2023-07-16 21:26:10,0.07,499
639,2023-01-05 21:26:10,2023-01-16 21:26:10,0.12,170
640,2022-06-08 21:26:10,2022-06-28 21:26:10,0.08,768
641,2023-07-03 21:26:10,2023-07-27 21:26:10,0.32,282
642,2024-01-16 21:26:10,2024-01-19 21:26:10,0.31,471
643,2022-01-29 21:26:10,2022-02-01 21:26:10,0.44,72
644,2023-06-27 21:26:10,2023-07-10 21:26:10,0.44,974
645,2022-07-11 21:26:10,2022-07-13 21:26:10,0.3,483
646,2024-05-05 21:26:10,2024-05-29 21:26:10,0.17,828
647,2023-11-26 21:26:10,2023-12-17 21:26:10,0.46,953
648,2021-11-07 21:26:10,2021-11-29 21:26:10,0.05,413
649,2024-02-09 21:26:10,2024-02-10 21:26:10,0.2,597
650,2023-11-09 21:26:10,2023-11-09 21:26:10,0.45,387
651,2022-08-03 21:26:10,2022-08-12 21:26:10,0.21,529
652,2022-04-06 21:26:10,2022-04-20 21:26:10,0.27,514
653,2021-07-13 21:26:10,2021-08-11 21:26:10,0.2,598
654,2022-10-01 21:26:10,2022-10-18 21:26:10,0.28,869
655,2021-11-12 21:26:10,2021-11-17 21:26:10,0.43,621
656,2024-04-08 21:26:10,2024-05-04 21:26:10,0.36,666
657,2023-12-08 21:26:10,2023-12-24 21:26:10,0.26,535
658,2024-05-20 21:26:10,2024-06-01 21:26:10,0.06,161
659,2023-01-02 21:26:10,2023-01-02 21:26:10,0.15,224
660,2022-07-15 21:26:10,2022-07-15 21:26:10,0.41,404
661,2022-08-22 21:26:10,2022-08-29 21:26:10,0.06,72
662,2022-10-16 21:26:10,2022-10-18 21:26:10,0.33,821
663,2024-05-22 21:26:10,2024-06-12 21:26:10,0.2,607
664,2023-12-17 21:26:10,2024-01-03 21:26:10,0.42,794
665,2024-04-08 21:26:10,2024-04-24 21:26:10,0.27,481
666,2023-09-06 21:26:10,2023-10-02 21:26:10,0.24,271
667,2024-04-16 21:26:10,2024-05-04 21:26:10,0.07,834
668,2022-10-13 21:26:10,2022-11-05 21:26:10,0.06,885
669,2022-11-19 21:26:10,2022-11-21 21:26:10,0.07,538
670,2022-04-11 21:26:10,2022-05-07 21:26:10,0.12,974
671,2023-11-26 21:26:10,2023-11-30 21:26:10,0.23,396
672,2023-10-31 21:26:10,2023-11-27 21:26:10,0.45,33
673,2023-05-26 21:26:10,2023-06-09 21:26:10,0.17,357
674,2022-10-05 21:26:10,2022-10-17 21:26:10,0.1,47
675,2022-01-10 21:26:10,2022-02-03 21:26:10,0.36,293
676,2021-10-10 21:26:10,2021-10-15 21:26:10,0.29,126
677,2022-02-18 21:26:10,2022-03-15 21:26:10,0.16,934
678,2022-08-16 21:26:10,2022-08-22 21:26:10,0.2,65
679,2021-12-13 21:26:10,2021-12-25 21:26:10,0.18,550
680,2022-04-11 21:26:10,2022-04-24 21:26:10,0.08,109
681,2022-12-18 21:26:10,2023-01-07 21:26:10,0.08,541
682,2023-10-15 21:26:10,2023-11-12 21:26:10,0.23,2
683,2024-03-22 21:26:10,2024-04-12 21:26:10,0.18,616
684,2024-02-24 21:26:10,2024-03-19 21:26:10,0.07,624
685,2023-06-08 21:26:10,2023-06-24 21:26:10,0.31,198
686,2024-05-13 21:26:10,2024-05-21 21:26:10,0.09,938
687,2023-02-25 21:26:10,2023-03-09 21:26:10,0.46,838
688,2023-05-26 21:26:10,2023-06-02 21:26:10,0.23,542
689,2022-07-29 21:26:10,2022-08-21 21:26:10,0.5,4
690,2024-01-27 21:26:10,2024-01-31 21:26:10,0.47,768
691,2024-05-05 21:26:10,2024-05-24 21:26:10,0.48,612
692,2021-10-05 21:26:10,2021-10-23 21:26:10,0.29,341
693,2022-02-16 21:26:10,2022-03-16 21:26:10,0.44,762
694,2021-11-03 21:26:10,2021-11-24 21:26:10,0.33,698
695,2022-07-11 21:26:10,2022-07-25 21:26:10,0.26,186
696,2023-11-08 21:26:10,2023-11-09 21:26:10,0.48,574
697,2023-12-13 21:26:10,2023-12-19 21:26:10,0.46,99
698,2023-12-08 21:26:10,2023-12-13 21:26:10,0.15,256
699,2024-02-07 21:26:10,2024-03-07 21:26:10,0.45,896
700,2022-01-29 21:26:10,2022-02-14 21:26:10,0.13,997
701,2022-03-17 21:26:10,2022-03-31 21:26:10,0.44,352
702,2021-12-01 21:26:10,2021-12-05 21:26:10,0.38,214
703,2022-06-28 21:26:10,2022-07-19 21:26:10,0.43,107
704,2023-09-21 21:26:10,2023-09-26 21:26:10,0.48,109
705,2023-11-18 21:26:10,2023-12-06 21:26:10,0.21,978
706,2021-09-24 21:26:10,2021-10-09 21:26:10,0.28,88
707,2023-06-20 21:26:10,2023-07-05 21:26:10,0.12,368
708,2023-07-03 21:26:10,2023-07-30 21:26:10,0.27,466
709,2022-08-13 21:26:10,2022-09-05 21:26:10,0.25,163
710,2022-04-08 21:26:10,2022-04-21 21:26:10,0.14,253
711,2023-11-26 21:26:10,2023-12-09 21:26:10,0.23,935
712,2021-09-29 21:26:10,2021-10-16 21:26:10,0.39,799
713,2022-04-20 21:26:10,2022-04-21 21:26:10,0.18,460
714,2024-02-13 21:26:10,2024-03-09 21:26:10,0.37,211
715,2021-09-19 21:26:10,2021-10-03 21:26:10,0.21,686
716,2021-10-12 21:26:10,2021-11-05 21:26:10,0.23,701
717,2022-10-15 21:26:10,2022-11-04 21:26:10,0.23,517
718,2022-11-10 21:26:10,2022-12-04 21:26:10,0.44,302
719,2022-11-24 21:26:10,2022-12-19 21:26:10,0.38,756
720,2022-12-05 21:26:10,2022-12-13 21:26:10,0.41,6
721,2021-12-28 21:26:10,2022-01-09 21:26:10,0.45,539
722,2022-09-11 21:26:10,2022-09-12 21:26:10,0.27,918
723,2024-02-07 21:26:10,2024-02-25 21:26:10,0.42,709
724,2022-12-20 21:26:10,2023-01-13 21:26:10,0.29,972
725,2022-06-03 21:26:10,2022-06-23 21:26:10,0.38,696
726,2022-11-25 21:26:10,2022-11-26 21:26:10,0.5,963
727,2021-10-06 21:26:10,2021-11-01 21:26:10,0.21,656
728,2022-03-09 21:26:10,2022-03-28 21:26:10,0.15,61
729,2024-02-08 21:26:10,2024-02-13 21:26:10,0.19,686
730,2023-06-10 21:26:10,2023-06-29 21:26:10,0.38,173
731,2022-06-18 21:26:10,2022-07-05 21:26:10,0.39,646
732,2023-05-05 21:26:10,2023-05-31 21:26:10,0.28,981
733,2023-07-12 21:26:10,2023-07-18 21:26:10,0.49,72
734,2021-09-27 21:26:10,2021-10-10 21:26:10,0.37,962
735,2022-10-28 21:26:10,2022-10-29 21:26:10,0.23,515
736,2023-09-16 21:26:10,2023-09-25 21:26:10,0.43,269
737,2023-10-23 21:26:10,2023-10-29 21:26:10,0.41,594
738,2023-06-16 21:26:10,2023-06-22 21:26:10,0.39,384
739,2022-08-23 21:26:10,2022-08-24 21:26:10,0.42,13
740,2022-11-17 21:26:10,2022-12-09 21:26:10,0.28,640
741,2023-02-16 21:26:10,2023-02-21 21:26:10,0.27,819
742,2022-07-20 21:26:10,2022-08-11 21:26:10,0.24,269
743,2023-08-31 21:26:10,2023-09-02 21:26:10,0.34,743
744,2023-09-12 21:26:10,2023-10-04 21:26:10,0.49,480
745,2022-09-16 21:26:10,2022-10-02 21:26:10,0.23,508
746,2021-09-20 21:26:10,2021-09-27 21:26:10,0.36,615
747,2023-01-07 21:26:10,2023-01-07 21:26:10,0.38,735
748,2021-08-30 21:26:10,2021-09-18 21:26:10,0.2,830
749,2024-02-13 21:26:10,2024-02-20 21:26:10,0.22,17
750,2021-12-28 21:26:10,2022-01-14 21:26:10,0.3,843
751,2023-03-20 21:26:10,2023-04-02 21:26:10,0.14,249
752,2022-07-08 21:26:10,2022-07-20 21:26:10,0.19,423
753,2023-05-15 21:26:10,2023-05-17 21:26:10,0.18,290
754,2022-01-16 21:26:10,2022-02-03 21:26:10,0.11,536
755,2021-11-13 21:26:10,2021-12-02 21:26:10,0.22,383
756,2022-10-22 21:26:10,2022-11-18 21:26:10,0.11,64
757,2022-08-26 21:26:10,2022-09-22 21:26:10,0.27,894
758,2022-04-28 21:26:10,2022-05-01 21:26:10,0.4,664
759,2023-01-07 21:26:10,2023-01-27 21:26:10,0.26,441
760,2023-12-21 21:26:10,2024-01-15 21:26:10,0.43,932
761,2022-04-29 21:26:10,2022-05-14 21:26:10,0.09,969
762,2021-07-30 21:26:10,2021-08-11 21:26:10,0.42,72
763,2022-04-09 21:26:10,2022-05-05 21:26:10,0.16,987
764,2023-07-31 21:26:10,2023-08-07 21:26:10,0.1,470
765,2023-01-22 21:26:10,2023-02-13 21:26:10,0.14,739
766,2023-08-12 21:26:10,2023-08-28 21:26:10,0.06,209
767,2023-08-18 21:26:10,2023-09-03 21:26:10,0.47,513
768,2022-09-08 21:26:10,2022-09-27 21:26:10,0.15,615
769,2021-07-27 21:26:10,2021-08-01 21:26:10,0.25,144
770,2023-11-09 21:26:10,2023-11-18 21:26:10,0.34,897
771,2021-11-27 21:26:10,2021-12-21 21:26:10,0.39,531
772,2022-08-17 21:26:10,2022-09-05 21:26:10,0.2,811
773,2021-09-16 21:26:10,2021-10-12 21:26:10,0.43,833
774,2022-01-24 21:26:10,2022-02-01 21:26:10,0.19,495
775,2023-08-29 21:26:10,2023-09-19 21:26:10,0.25,802
776,2023-05-08 21:26:10,2023-05-10 21:26:10,0.31,270
777,2022-07-20 21:26:10,2022-07-22 21:26:10,0.46,947
778,2022-03-09 21:26:10,2022-04-07 21:26:10,0.37,426
779,2022-04-22 21:26:10,2022-05-18 21:26:10,0.06,622
780,2021-08-18 21:26:10,2021-08-24 21:26:10,0.32,910
781,2023-03-06 21:26:10,2023-03-25 21:26:10,0.24,351
782,2022-01-03 21:26:10,2022-01-13 21:26:10,0.36,464
783,2023-04-03 21:26:10,2023-05-02 21:26:10,0.19,702
784,2023-07-21 21:26:10,2023-07-31 21:26:10,0.06,934
785,2024-02-20 21:26:10,2024-03-06 21:26:10,0.17,628
786,2023-04-01 21:26:10,2023-04-25 21:26:10,0.27,176
787,2024-01-28 21:26:10,2024-02-04 21:26:10,0.44,387
788,2023-01-03 21:26:10,2023-02-01 21:26:10,0.33,973
789,2023-08-09 21:26:10,2023-08-23 21:26:10,0.45,865
790,2023-08-19 21:26:10,2023-08-29 21:26:10,0.44,160
791,2024-03-02 21:26:10,2024-03-03 21:26:10,0.09,836
792,2022-01-06 21:26:10,2022-01-30 21:26:10,0.17,412
793,2023-11-17 21:26:10,2023-11-20 21:26:10,0.44,381
794,2021-11-21 21:26:10,2021-11-28 21:26:10,0.21,398
795,2022-08-21 21:26:10,2022-09-12 21:26:10,0.12,314
796,2023-02-05 21:26:10,2023-03-04 21:26:10,0.15,585
797,2021-10-10 21:26:10,2021-10-23 21:26:10,0.27,462
798,2024-05-02 21:26:10,2024-05-30 21:26:10,0.19,416
799,2023-07-12 21:26:10,2023-07-20 21:26:10,0.26,694
800,2021-12-10 21:26:10,2021-12-28 21:26:10,0.15,474
801,2023-12-07 21:26:10,2023-12-22 21:26:10,0.19,745
802,2023-06-03 21:26:10,2023-06-11 21:26:10,0.37,420
803,2022-12-09 21:26:10,2022-12-22 21:26:10,0.49,465
804,2023-08-12 21:26:10,2023-08-28 21:26:10,0.31,679
805,2022-06-30 21:26:10,2022-07-26 21:26:10,0.35,809
806,2023-05-24 21:26:10,2023-05-26 21:26:10,0.42,997
807,2024-05-30 21:26:10,2024-06-17 21:26:10,0.32,652
808,2022-10-21 21:26:10,2022-11-03 21:26:10,0.15,677
809,2023-09-26 21:26:10,2023-10-16 21:26:10,0.26,882
810,2022-10-03 21:26:10,2022-10-25 21:26:10,0.33,335
811,2022-04-22 21:26:10,2022-05-17 21:26:10,0.24,855
812,2023-10-23 21:26:10,2023-11-02 21:26:10,0.37,301
813,2022-09-18 21:26:10,2022-10-04 21:26:10,0.3,295
814,2022-07-09 21:26:10,2022-07-22 21:26:10,0.32,788
815,2022-03-01 21:26:10,2022-03-20 21:26:10,0.22,113
816,2024-01-16 21:26:10,2024-02-14 21:26:10,0.19,126
817,2024-01-02 21:26:10,2024-01-29 21:26:10,0.42,508
818,2022-02-25 21:26:10,2022-02-27 21:26:10,0.17,777
819,2021-10-06 21:26:10,2021-10-13 21:26:10,0.08,268
820,2022-02-09 21:26:10,2022-02-20 21:26:10,0.48,55
821,2021-11-25 21:26:10,2021-12-09 21:26:10,0.27,559
822,2023-06-12 21:26:10,2023-07-05 21:26:10,0.28,343
823,2023-12-17 21:26:10,2024-01-13 21:26:10,0.32,128
824,2021-09-22 21:26:10,2021-10-10 21:26:10,0.15,298
825,2021-08-10 21:26:10,2021-08-24 21:26:10,0.2,2
826,2024-04-14 21:26:10,2024-05-11 21:26:10,0.37,115
827,2023-11-21 21:26:10,2023-11-24 21:26:10,0.13,296
828,2024-02-11 21:26:10,2024-02-28 21:26:10,0.35,37
829,2022-07-18 21:26:10,2022-07-18 21:26:10,0.08,414
830,2022-03-10 21:26:10,2022-03-20 21:26:10,0.26,653
831,2023-08-10 21:26:10,2023-08-25 21:26:10,0.23,567
832,2023-11-08 21:26:10,2023-12-04 21:26:10,0.49,322
833,2022-07-12 21:26:10,2022-07-18 21:26:10,0.44,585
834,2023-05-15 21:26:10,2023-05-27 21:26:10,0.32,528
835,2023-05-15 21:26:10,2023-05-29 21:26:10,0.13,28
836,2021-10-21 21:26:10,2021-10-22 21:26:10,0.46,231
837,2024-02-01 21:26:10,2024-02-05 21:26:10,0.49,637
838,2021-08-04 21:26:10,2021-08-08 21:26:10,0.19,983
839,2023-10-11 21:26:10,2023-10-26 21:26:10,0.29,194
840,2022-03-02 21:26:10,2022-03-19 21:26:10,0.32,173
841,2022-05-02 21:26:10,2022-05-23 21:26:10,0.47,65
842,2022-08-31 21:26:10,2022-09-14 21:26:10,0.27,31
843,2023-10-17 21:26:10,2023-11-07 21:26:10,0.49,766
844,2023-03-26 21:26:10,2023-04-06 21:26:10,0.17,346
845,2022-02-06 21:26:10,2022-03-02 21:26:10,0.27,162
846,2021-09-23 21:26:10,2021-10-08 21:26:10,0.08,449
847,2024-04-28 21:26:10,2024-05-16 21:26:10,0.39,26
848,2024-02-14 21:26:10,2024-02-27 21:26:10,0.32,986
849,2022-08-27 21:26:10,2022-08-30 21:26:10,0.35,884
850,2021-11-20 21:26:10,2021-11-25 21:26:10,0.08,794
851,2022-05-30 21:26:10,2022-06-14 21:26:10,0.26,297
852,2023-02-15 21:26:10,2023-03-01 21:26:10,0.18,491
853,2022-08-21 21:26:10,2022-09-07 21:26:10,0.07,558
854,2021-08-20 21:26:10,2021-09-07 21:26:10,0.32,851
855,2023-11-12 21:26:10,2023-12-05 21:26:10,0.1,410
856,2023-08-26 21:26:10,2023-09-12 21:26:10,0.42,833
857,2022-10-24 21:26:10,2022-11-15 21:26:10,0.18,283
858,2023-10-01 21:26:10,2023-10-10 21:26:10,0.24,961
859,2022-06-18 21:26:10,2022-06-29 21:26:10,0.26,559
860,2022-10-03 21:26:10,2022-10-15 21:26:10,0.26,224
861,2023-02-06 21:26:10,2023-02-28 21:26:10,0.08,746
862,2024-01-03 21:26:10,2024-01-16 21:26:10,0.48,573
863,2022-09-19 21:26:10,2022-10-03 21:26:10,0.18,736
864,2022-06-23 21:26:10,2022-06-28 21:26:10,0.46,626
865,2022-06-29 21:26:10,2022-07-19 21:26:10,0.47,363
866,2023-12-21 21:26:10,2024-01-03 21:26:10,0.29,547
867,2022-09-14 21:26:10,2022-10-08 21:26:10,0.36,882
868,2022-03-27 21:26:10,2022-04-06 21:26:10,0.18,326
869,2021-07-24 21:26:10,2021-08-05 21:26:10,0.18,197
870,2023-02-26 21:26:10,2023-03-20 21:26:10,0.44,417
871,2023-06-30 21:26:10,2023-07-04 21:26:10,0.34,316
872,2022-09-05 21:26:10,2022-09-07 21:26:10,0.22,962
873,2022-12-03 21:26:10,2022-12-24 21:26:10,0.32,565
874,2023-07-06 21:26:10,2023-07-16 21:26:10,0.24,264
875,2024-02-26 21:26:10,2024-03-16 21:26:10,0.17,392
876,2023-06-29 21:26:10,2023-07-25 21:26:10,0.36,584
877,2023-01-21 21:26:10,2023-02-18 21:26:10,0.29,979
878,2023-09-05 21:26:10,2023-09-11 21:26:10,0.1,811
879,2022-11-11 21:26:10,2022-11-22 21:26:10,0.28,396
880,2022-10-08 21:26:10,2022-10-09 21:26:10,0.5,825
881,2021-09-21 21:26:10,2021-10-15 21:26:10,0.4,500
882,2024-01-30 21:26:10,2024-02-19 21:26:10,0.12,105
883,2021-08-13 21:26:10,2021-09-10 21:26:10,0.12,62
884,2024-01-27 21:26:10,2024-02-07 21:26:10,0.24,298
885,2021-12-06 21:26:10,2021-12-09 21:26:10,0.4,813
886,2024-03-28 21:26:10,2024-04-20 21:26:10,0.4,910
887,2022-08-02 21:26:10,2022-08-06 21:26:10,0.18,253
888,2022-04-28 21:26:10,2022-05-21 21:26:10,0.34,295
889,2023-06-03 21:26:10,2023-06-30 21:26:10,0.08,251
890,2023-06-17 21:26:10,2023-06-29 21:26:10,0.07,744
891,2024-01-11 21:26:10,2024-01-16 21:26:10,0.23,34
892,2023-11-19 21:26:10,2023-12-06 21:26:10,0.38,123
893,2023-08-25 21:26:10,2023-09-03 21:26:10,0.27,791
894,2021-12-04 21:26:10,2021-12-26 21:26:10,0.24,474
895,2022-09-03 21:26:10,2022-09-22 21:26:10,0.48,600
896,2024-03-04 21:26:10,2024-03-12 21:26:10,0.26,576
897,2023-07-14 21:26:10,2023-08-10 21:26:10,0.33,694
898,2022-05-06 21:26:10,2022-05-18 21:26:10,0.27,948
899,2021-07-03 21:26:10,2021-07-10 21:26:10,0.09,423
900,2021-10-12 21:26:10,2021-10-20 21:26:10,0.48,263
901,2024-04-18 21:26:10,2024-04-24 21:26:10,0.06,193
902,2022-04-04 21:26:10,2022-04-30 21:26:10,0.44,820
903,2022-03-20 21:26:10,2022-04-07 21:26:10,0.31,216
904,2023-07-10 21:26:10,2023-07-26 21:26:10,0.27,540
905,2024-05-15 21:26:10,2024-05-31 21:26:10,0.25,80
906,2022-10-08 21:26:10,2022-11-06 21:26:10,0.26,449
907,2022-01-12 21:26:10,2022-01-15 21:26:10,0.08,337
908,2022-08-08 21:26:10,2022-09-05 21:26:10,0.22,155
909,2021-09-02 21:26:10,2021-09-24 21:26:10,0.49,154
910,2023-03-08 21:26:10,2023-03-19 21:26:10,0.23,245
911,2022-03-19 21:26:10,2022-03-20 21:26:10,0.29,629
912,2021-09-17 21:26:10,2021-09-23 21:26:10,0.13,761
913,2021-10-08 21:26:10,2021-10-31 21:26:10,0.33,476
914,2024-05-01 21:26:10,2024-05-30 21:26:10,0.35,513
915,2024-02-06 21:26:10,2024-02-26 21:26:10,0.31,441
916,2023-03-25 21:26:10,2023-04-23 21:26:10,0.14,765
917,2023-07-20 21:26:10,2023-07-25 21:26:10,0.25,833
918,2021-11-23 21:26:10,2021-11-25 21:26:10,0.49,195
919,2023-04-15 21:26:10,2023-04-24 21:26:10,0.23,723
920,2022-06-13 21:26:10,2022-06-25 21:26:10,0.41,136
921,2022-04-16 21:26:10,2022-05-10 21:26:10,0.31,597
922,2021-07-04 21:26:10,2021-07-26 21:26:10,0.39,845
923,2023-12-22 21:26:10,2024-01-01 21:26:10,0.28,250
924,2022-10-30 21:26:10,2022-11-15 21:26:10,0.4,593
925,2024-05-08 21:26:10,2024-05-21 21:26:10,0.36,481
926,2023-08-24 21:26:10,2023-09-09 21:26:10,0.12,606
927,2021-09-05 21:26:10,2021-09-05 21:26:10,0.31,126
928,2023-01-28 21:26:10,2023-02-14 21:26:10,0.38,338
929,2021-11-12 21:26:10,2021-11-27 21:26:10,0.46,868
930,2022-09-02 21:26:10,2022-09-04 21:26:10,0.33,642
931,2023-01-30 21:26:10,2023-02-01 21:26:10,0.14,57
932,2024-04-07 21:26:10,2024-04-07 21:26:10,0.23,956
933,2023-02-19 21:26:10,2023-03-07 21:26:10,0.45,122
934,2022-04-16 21:26:10,2022-05-09 21:26:10,0.41,744
935,2022-01-05 21:26:10,2022-01-07 21:26:10,0.22,725
936,2023-11-16 21:26:10,2023-12-04 21:26:10,0.31,648
937,2023-05-24 21:26:10,2023-06-09 21:26:10,0.35,473
938,2021-12-24 21:26:10,2021-12-29 21:26:10,0.21,657
939,2021-12-03 21:26:10,2021-12-16 21:26:10,0.49,724
940,2023-07-07 21:26:10,2023-07-10 21:26:10,0.43,906
941,2024-04-18 21:26:10,2024-04-20 21:26:10,0.4,503
942,2021-12-29 21:26:10,2022-01-13 21:26:10,0.37,284
943,2022-03-10 21:26:10,2022-03-17 21:26:10,0.46,914
944,2022-11-23 21:26:10,2022-11-30 21:26:10,0.18,209
945,2022-06-22 21:26:10,2022-07-10 21:26:10,0.46,925
946,2022-03-05 21:26:10,2022-03-26 21:26:10,0.41,734
947,2021-09-18 21:26:10,2021-10-07 21:26:10,0.41,456
948,2021-09-18 21:26:10,2021-10-11 21:26:10,0.19,297
949,2022-09-13 21:26:10,2022-10-09 21:26:10,0.3,663
950,2022-05-04 21:26:10,2022-05-28 21:26:10,0.31,851
951,2022-11-19 21:26:10,2022-12-05 21:26:10,0.25,561
952,2023-07-07 21:26:10,2023-07-11 21:26:10,0.09,338
953,2021-10-14 21:26:10,2021-10-17 21:26:10,0.1,335
954,2023-10-11 21:26:10,2023-10-26 21:26:10,0.15,606
955,2021-10-18 21:26:10,2021-11-01 21:26:10,0.15,315
956,2023-06-07 21:26:10,2023-06-12 21:26:10,0.35,645
957,2024-04-06 21:26:10,2024-04-23 21:26:10,0.47,876
958,2024-03-30 21:26:10,2024-04-10 21:26:10,0.14,227
959,2022-04-16 21:26:10,2022-05-07 21:26:10,0.26,989
960,2023-01-02 21:26:10,2023-01-25 21:26:10,0.13,97
961,2023-02-02 21:26:10,2023-02-16 21:26:10,0.18,540
962,2023-05-25 21:26:10,2023-05-29 21:26:10,0.09,638
963,2023-05-13 21:26:10,2023-05-29 21:26:10,0.39,366
964,2022-08-15 21:26:10,2022-08-21 21:26:10,0.38,493
965,2023-07-14 21:26:10,2023-08-12 21:26:10,0.19,396
966,2022-12-21 21:26:10,2023-01-11 21:26:10,0.43,826
967,2024-03-24 21:26:10,2024-04-22 21:26:10,0.31,739
968,2022-04-06 21:26:10,2022-04-30 21:26:10,0.23,272
969,2022-11-30 21:26:10,2022-12-25 21:26:10,0.3,820
970,2023-12-09 21:26:10,2023-12-19 21:26:10,0.09,659
971,2021-09-29 21:26:10,2021-10-02 21:26:10,0.43,22
972,2022-10-06 21:26:10,2022-10-11 21:26:10,0.49,320
973,2021-12-29 21:26:10,2022-01-16 21:26:10,0.31,110
974,2021-10-24 21:26:10,2021-11-02 21:26:10,0.48,869
975,2023-03-07 21:26:10,2023-04-02 21:26:10,0.06,950
976,2022-10-12 21:26:10,2022-10-17 21:26:10,0.42,511
977,2023-06-22 21:26:10,2023-07-16 21:26:10,0.2,855
978,2023-05-29 21:26:10,2023-06-08 21:26:10,0.17,878
979,2022-08-30 21:26:10,2022-09-08 21:26:10,0.34,720
980,2022-10-10 21:26:10,2022-10-19 21:26:10,0.16,318
981,2022-08-23 21:26:10,2022-09-03 21:26:10,0.09,646
982,2023-02-26 21:26:10,2023-03-02 21:26:10,0.09,783
983,2021-08-02 21:26:10,2021-08-10 21:26:10,0.16,63
984,2022-11-29 21:26:10,2022-12-04 21:26:10,0.21,144
985,2022-06-30 21:26:10,2022-07-29 21:26:10,0.39,581
986,2022-11-07 21:26:10,2022-11-30 21:26:10,0.3,274
987,2022-12-30 21:26:10,2023-01-25 21:26:10,0.3,73
988,2023-04-30 21:26:10,2023-05-24 21:26:10,0.16,344
989,2023-05-23 21:26:10,2023-05-28 21:26:10,0.43,618
990,2021-08-25 21:26:10,2021-09-05 21:26:10,0.22,473
991,2022-05-08 21:26:10,2022-06-04 21:26:10,0.24,8
992,2022-10-02 21:26:10,2022-10-06 21:26:10,0.09,736
993,2023-10-16 21:26:10,2023-10-23 21:26:10,0.39,717
994,2023-10-03 21:26:10,2023-10-08 21:26:10,0.08,23
995,2022-02-24 21:26:10,2022-02-26 21:26:10,0.47,543
996,2021-07-08 21:26:10,2021-07-18 21:26:10,0.1,304
997,2023-12-28 21:26:10,2024-01-12 21:26:10,0.42,367
998,2021-09-18 21:26:10,2021-10-16 21:26:10,0.35,184
999,2022-07-06 21:26:10,2022-07-08 21:26:10,0.1,508
1000,2022-08-10 21:26:10,2022-09-05 21:26:10,0.1,368
